iter	MAE
0	6.410241497
100	6.372821172
200	6.348162924
300	6.33139158
400	6.319535204
500	6.310856241
600	6.304222854
700	6.2990079
800	6.294748007
900	6.291167294
999	6.288076356
