iter	MAE
0	6.410242263
100	6.372816197
200	6.348252078
300	6.331483796
400	6.319521046
500	6.310798463
600	6.304124899
700	6.298800128
800	6.294544062
900	6.291048294
999	6.287789761
