event_id,azimuth,zenith
2092,1.7099542676166806,0.7654639813118024
7344,3.409830186666483,2.123161797972094
9482,4.434108866547808,1.519605759129989
