iter	MAE
0	6.410223513
100	6.37289349
200	6.348318274
300	6.331392728
400	6.319348094
500	6.310710457
600	6.304082043
700	6.298712887
800	6.294391007
900	6.290964497
999	6.287751497
