iter	MAE
0	6.410241497
100	6.372844895
200	6.348178994
300	6.331406886
400	6.319430744
500	6.310735328
600	6.304026178
700	6.298680363
800	6.294342412
900	6.290724966
999	6.28762561
